id_pessoa;pediu_para_sair
344630;0
58113;0
251795;1
301610;1
174899;1
368543;0
177356;1
14457;0
44678;0
343943;1
3762;0
81049;0
209467;0
75411;0
265363;1
167987;1
156922;1
243172;0
352898;1
213822;1
161350;1
266119;1
193603;1
175817;0
131122;1
107523;1
276864;1
140902;0
240196;0
47151;1
168849;0
284371;1
41360;0
127354;0
151790;1
286201;1
241888;1
280977;0
194753;0
213655;0
98689;1
220967;0
200385;1
168534;0
61223;1
110727;0
1645;0
218597;0
3563;1
285737;0
36027;0
312238;1
311514;1
121847;0
125798;0
256909;1
120306;1
419482;0
260838;1
342561;1
291517;1
120142;1
71591;0
169801;0
127403;1
95435;0
12845;0
214227;1
274315;1
288463;0
346569;0
258349;1
112841;0
349897;0
363765;1
344955;1
67108;0
376174;1
211538;0
17259;0
31835;1
332002;0
231703;1
40557;0
41044;0
307316;0
112554;0
233387;1
417438;0
23726;1
168244;1
281988;1
235164;0
277038;1
92780;0
20896;0
21708;0
123045;0
181765;1
290099;0
285902;1
299796;1
105407;0
415385;0
195932;0
195892;0
12908;0
244186;0
289025;1
75261;0
58886;0
38356;0
150705;0
108682;1
92997;0
281805;0
279006;1
191246;1
204546;1
269873;1
143151;0
93381;0
242925;1
49286;1
244016;1
95080;1
153532;1
168477;1
98111;1
288378;0
210223;0
198606;0
105867;1
293695;0
133496;0
205604;1
86883;0
35986;0
413384;1
112492;1
16969;0
334757;1
190486;0
173076;0
256618;0
37398;0
71235;1
83029;0
244983;1
171035;0
105325;0
311497;0
329317;0
86723;1
178743;1
215302;0
156950;0
17535;0
354522;1
393845;0
117848;1
314527;0
317360;0
347066;1
421086;0
188476;1
279512;1
195980;1
32838;0
204928;0
280516;1
217384;1
138820;0
88797;0
290536;1
139269;0
370816;1
36103;0
261210;0
414316;1
38462;0
401017;0
141277;0
217559;0
251516;1
236927;0
339391;0
238280;1
78911;0
372002;1
61665;0
50568;0
328468;0
155433;1
365448;1
134841;1
25971;0
69276;0
214086;0
237763;0
343424;0
118959;0
113670;0
121110;1
252798;1
335586;1
18272;0
95531;0
38539;0
237129;0
243598;0
421604;0
298202;1
280835;0
247363;0
369593;0
254132;0
226945;0
165662;1
196111;0
87114;0
60019;0
233009;1
374501;0
31514;0
88650;0
355836;1
262025;1
325486;0
332058;1
11272;0
82842;0
115824;0
236553;0
360338;1
36630;0
301410;0
361130;0
156291;1
202108;0
101083;1
227850;0
380924;1
164997;1
110927;1
383470;1
376786;0
200862;0
244745;0
13285;0
209663;1
362637;1
179385;1
76880;0
348893;1
111098;1
26264;0
377984;1
313855;1
216013;1
6359;0
59002;1
131532;1
133414;1
406783;0
403707;0
407580;0
263863;0
248659;1
242001;1
372051;0
307695;0
157976;0
36244;0
6644;0
245037;1
229028;0
146065;1
220745;1
94294;1
418854;0
98784;1
256275;1
127519;1
378861;0
190605;1
322792;0
193973;0
183497;0
418754;0
112200;0
194924;0
44856;0
15369;0
63951;0
404211;0
216437;0
350119;0
35702;0
164517;0
377950;1
7101;0
35669;0
222650;1
199987;1
285556;1
39369;0
38599;0
315139;0
361131;1
254332;0
389680;0
366988;1
322882;0
396019;1
360467;0
99406;1
230543;0
202502;1
304619;1
219006;0
276766;0
203360;1
277648;1
409390;0
185453;1
19929;1
76390;0
159284;0
155744;1
284712;0
242149;1
75982;0
330466;1
383469;1
279342;0
348784;1
251810;1
354359;1
31675;0
311071;1
419507;0
383517;0
168743;1
416453;1
169062;1
26196;0
177673;0
366656;0
35696;0
277662;1
103571;1
216385;1
362729;1
337874;1
264686;1
245936;1
269870;1
226891;0
45556;0
192226;1
388289;1
120319;1
113413;0
112129;0
23024;0
282766;0
261950;1
31466;0
88967;0
407784;0
291428;1
317762;0
179446;0
401766;1
412438;1
298070;0
190571;0
7429;0
20098;0
210205;0
339128;1
303110;1
146556;0
124757;0
315592;0
184658;0
313626;0
287424;1
53989;0
304967;0
264201;0
260646;1
105127;1
369677;1
145233;1
315074;1
70398;0
177607;1
230462;0
363755;0
257106;0
14253;1
22353;0
117020;0
184021;1
12057;0
359655;1
258675;0
26877;0
47895;0
343701;0
147159;1
98775;1
266995;1
123857;1
389018;0
262684;0
232377;1
45296;0
107516;0
292871;0
282972;1
230262;0
241336;1
180340;1
137453;0
370883;0
28974;0
346223;1
143097;0
262502;0
344994;0
358212;0
54084;0
97242;1
51695;1
2631;0
262241;0
386804;1
235151;0
317779;1
293611;1
153116;1
365194;1
299726;1
174178;1
299818;0
96700;0
243930;0
61073;0
70074;0
198444;0
43428;0
89323;0
152767;0
102484;1
289209;1
127131;0
328041;0
161745;0
261497;0
28273;0
20153;0
168524;0
363095;0
416054;0
197869;0
367450;1
8220;1
42274;0
380626;1
278253;1
370053;1
108204;1
394492;0
398361;1
162500;1
83062;0
12929;1
338336;1
199593;1
128738;0
341462;0
416934;1
94130;0
122197;0
169741;0
106114;0
5741;0
211637;1
123800;1
235750;1
217230;1
338583;1
87093;0
310816;1
419913;1
359707;0
200073;0
186456;1
259669;1
181283;0
136540;0
239294;1
263652;1
334656;1
217113;1
198003;0
271215;1
268735;1
279940;0
273404;1
147742;0
102204;0
92141;0
222466;0
28430;0
147398;0
165262;1
264726;0
363328;1
166037;0
314204;1
138679;1
385082;1
183083;0
326479;0
407120;1
201158;1
331536;1
203201;1
421197;0
104619;1
60183;0
419272;0
370822;0
125110;0
234237;0
82448;1
42442;1
368076;1
207337;1
246544;0
393503;0
360135;1
265021;0
337328;0
294773;0
147846;1
79927;1
42542;0
389693;0
383224;0
165372;1
89346;1
53242;0
131880;0
147669;1
381057;0
66082;0
341959;1
82819;0
368379;1
12710;1
391264;0
35185;0
371615;0
373063;1
10229;0
131839;0
123779;0
172374;0
358410;1
85269;0
63606;1
335547;1
224164;1
46989;1
8732;0
412748;0
289338;0
222292;1
325278;1
195808;1
329511;0
268489;0
222862;1
64919;0
413009;0
5004;0
104014;1
139326;1
130533;1
359593;1
245434;1
321455;1
345344;1
265280;1
31111;0
332843;1
355669;1
304559;0
233029;0
151487;1
334409;0
94536;0
345223;1
112843;0
234143;1
117011;0
417589;0
304027;0
105492;1
160384;1
97260;1
122962;0
280061;0
48654;0
172778;1
113056;1
137606;0
406118;1
332781;1
200262;1
96418;1
133612;0
367519;0
214602;1
64766;1
84962;0
414595;0
217248;1
173192;0
117557;1
347801;1
74782;0
175810;0
89536;0
302072;0
374237;1
286665;1
107608;0
61132;1
119373;0
360365;1
157665;1
101714;0
209009;1
170225;1
53612;1
409879;1
385083;1
131244;0
325124;1
209832;1
239364;0
2898;0
163705;1
335378;1
74298;0
246663;0
88039;0
420750;0
340295;1
88461;0
321414;0
226118;1
328393;1
95585;0
282010;0
394641;1
309262;1
42024;0
373861;0
342419;1
159909;0
126028;0
175841;1
159430;1
290580;0
302224;1
251992;0
226956;1
270606;1
8291;0
139796;0
250083;0
52379;0
319870;1
105828;1
116288;0
201848;1
355692;1
341626;0
401840;0
385528;0
148600;1
246193;0
88125;0
66799;0
73743;1
343418;0
164642;0
27783;0
199370;1
119664;1
227892;0
87803;0
95920;0
318900;1
279934;1
92867;0
254063;1
219972;1
121599;1
54655;0
23323;1
74340;1
383354;0
289226;1
306451;0
188679;1
233097;1
234787;0
301624;1
208066;1
357231;1
315811;0
132486;0
59164;1
318612;1
308247;0
197556;0
214969;1
175550;1
251635;0
332551;0
78845;0
23505;1
111582;1
214516;0
78306;0
301196;0
305789;0
391055;0
34768;0
323156;0
175408;1
39177;0
146045;0
233916;0
377245;1
361238;0
289448;1
4761;0
58738;0
57349;0
367476;1
86665;0
290502;1
188060;0
116320;0
86287;1
319428;1
98141;0
290685;0
275586;0
367598;0
369208;1
145810;1
25764;0
304640;1
84688;0
145197;1
79792;0
362792;0
209692;1
270144;1
296782;1
55676;0
22943;0
5501;0
405095;0
17335;0
215974;1
4731;0
88319;1
393856;0
188946;1
263538;0
139270;1
210984;0
284138;1
236905;1
266038;1
345924;1
396028;0
335829;1
106996;0
280697;1
52478;0
21476;0
409993;0
250928;0
197810;1
142694;1
392063;1
44218;0
73492;1
220101;0
197545;1
298063;0
157956;1
357683;0
264003;0
160879;1
350717;1
363390;1
55345;0
99017;1
366550;1
73830;0
166057;1
278026;0
352168;0
293816;1
91164;0
274625;1
243471;1
335987;0
100401;1
172696;1
351222;1
251658;1
213352;1
192364;1
145076;0
335913;0
207520;0
135137;1
209530;0
387697;0
279298;1
157744;1
13274;0
267457;0
288389;1
227208;1
43777;0
161787;1
331722;0
139541;0
265873;0
186735;1
338405;0
119903;1
176781;1
1242;1
134148;0
283564;0
208016;0
123676;1
79611;1
352960;0
53078;1
252402;1
258925;1
270819;0
392200;0
22388;0
215867;1
246621;1
306531;1
348047;0
225825;0
342082;1
210549;0
227432;1
359818;1
64877;0
101449;0
281000;1
217475;0
198311;0
244478;0
112057;1
119590;1
207425;1
228282;1
170939;1
315401;1
246897;0
128454;1
257919;1
216225;0
388189;0
20620;1
208697;0
157719;0
391650;1
185167;1
40722;0
268695;1
143782;0
109283;0
277539;0
26798;0
325930;1
150326;0
7143;0
389040;1
263640;0
159189;1
258650;0
311090;0
327363;0
253521;0
333259;0
49509;1
227740;0
359811;0
52519;0
300071;1
228023;0
359428;1
156211;0
150839;1
31795;0
148565;0
149667;0
344574;0
177275;1
107457;1
393855;1
237427;1
62208;0
9662;0
240477;1
42153;0
201357;1
138837;0
258756;1
166832;1
304603;1
285449;1
78108;0
19427;1
389293;0
255180;1
358896;0
274022;0
17615;0
330098;0
278038;1
368456;0
387218;0
20839;0
336992;0
65658;1
310078;1
364678;1
73462;1
321185;1
176623;0
361173;1
23411;1
362941;1
357980;0
245967;1
5891;0
178732;1
89573;0
170706;0
381103;0
199752;1
336503;0
33746;0
59464;0
115149;0
343640;0
397657;0
58134;0
145518;1
406544;0
89982;0
216558;1
287929;0
352176;1
51980;0
297695;1
251125;1
316720;1
372607;0
173147;1
195738;0
88950;0
296112;0
5563;0
345747;1
123253;1
336699;0
234796;1
228929;0
7370;0
279607;1
239028;0
81890;1
122395;1
396959;0
385358;0
402735;0
218157;1
366703;0
108144;1
19433;1
135085;1
148796;1
145511;0
174982;1
247336;0
31434;0
349613;0
36527;0
401598;1
179689;0
275819;0
315068;0
260089;1
358721;0
194597;0
77635;0
83979;1
165652;0
303965;0
281038;1
332460;1
52076;0
395096;1
150947;0
290220;0
187862;0
144544;1
86518;0
359654;0
153748;1
137627;0
225746;0
102829;1
141755;1
222035;0
48349;0
47133;0
89190;0
200610;1
259244;0
54842;0
284569;0
98282;0
350217;1
331624;0
294897;1
191425;0
262420;0
166608;1
185243;0
53206;0
33468;0
316169;1
373303;0
351601;1
166930;1
354725;1
212327;1
178293;0
137444;0
112642;0
87225;1
181195;0
121736;0
378609;1
79916;1
150854;1
117587;1
253213;0
246922;1
394689;0
112630;0
27220;0
303635;1
203905;0
413585;1
348527;0
183454;0
293921;1
88656;0
276379;1
197451;1
75252;0
29155;0
87026;0
161865;0
130099;1
355751;0
46314;1
340305;1
114083;0
151798;0
298934;0
228228;1
319005;0
226046;0
369364;1
89472;1
203794;1
359262;1
115645;0
64350;0
358135;0
143371;1
278996;0
179303;1
336327;1
207379;1
225422;0
252021;1
96819;0
182379;0
213501;0
422495;0
278961;0
1943;0
202557;1
38590;0
155694;1
163057;1
96548;1
95788;0
153523;1
118331;1
392183;0
81612;0
355174;1
387556;0
50038;0
93353;0
125377;0
289118;0
54473;0
220664;0
333180;0
196320;0
178488;1
128130;0
151280;0
377402;0
376702;0
132908;0
120478;1
59761;0
284153;1
105234;0
363098;0
191904;1
410895;1
187343;0
250534;0
167445;1
303030;1
228318;1
218249;0
392014;1
225089;0
196556;0
294495;1
97127;0
193160;0
284858;1
222273;1
138045;0
327562;0
328210;0
274198;0
83466;0
275085;1
187371;0
156125;1
6528;1
25088;1
336726;0
16584;0
412589;0
380356;1
121115;0
373022;1
3567;0
392517;0
330980;1
324966;1
136569;0
353755;0
209879;0
239804;1
195579;1
158174;0
246107;1
385717;1
133142;0
44505;0
149169;1
191831;0
376986;1
374286;1
94355;0
351234;1
267483;1
224628;0
211027;1
361459;0
129982;1
395055;0
148204;0
232080;0
408603;1
155018;0
376564;1
276610;0
8574;1
411165;1
374338;0
44179;0
156668;0
145345;0
191510;0
49210;1
318141;0
399223;0
403419;0
315096;1
332102;0
353173;0
347519;0
305325;0
392842;0
153593;0
316965;0
345758;0
186058;0
165308;0
98626;1
321283;0
304362;1
396193;0
190410;0
102088;1
204300;0
346666;1
351481;0
327879;0
267777;0
306953;1
127246;1
330139;0
197889;1
228596;0
181440;0
204457;0
130608;0
97246;0
80900;1
241414;1
385600;0
205043;0
182339;1
251802;0
83822;0
80258;0
286394;0
361684;0
336689;1
15016;0
361492;0
60448;0
368242;1
331158;0
306522;1
197168;1
54566;0
150632;0
211589;0
166494;0
59817;1
276905;1
84871;0
327504;1
329048;0
258546;1
164555;1
296708;1
223568;1
52172;1
127604;1
319746;0
101740;0
286434;0
343102;0
17023;1
343864;1
316936;1
219128;0
415513;0
150484;1
268997;1
146722;1
61453;0
172519;1
248714;0
421482;0
236809;0
178491;1
72370;0
210830;1
296;0
39646;0
131789;1
151432;0
17989;0
160446;1
69306;0
187131;1
91865;1
167060;0
271058;1
8727;0
103207;0
174168;1
97149;0
22336;0
407028;0
176801;1
254583;1
406478;0
298755;1
198795;0
190173;1
279654;0
72450;1
127281;0
237561;1
328117;1
368551;1
287396;1
255287;1
40210;0
16900;1
129686;0
284369;1
26400;0
124588;0
391556;0
405691;0
310640;1
53726;0
417950;0
384835;0
184123;1
247427;0
181914;0
222745;1
32113;0
293298;1
162085;0
65741;0
32420;1
246594;1
90751;0
147792;1
160283;0
306036;1
64619;0
398419;0
89935;1
174617;0
306107;1
135251;0
374395;0
398796;1
22333;0
143405;0
247660;1
178507;1
418858;0
317531;1
164361;1
283887;0
219539;0
119192;0
347175;0
168717;0
148447;0
